"fixture_id","updateAt","player_id","player_name","team_id","team_name","number","position","rating","minutes_played","captain","substitute","offsides","shots_total","shots_on","goals_total","goals_conceded","goals_assists","goals_saves","passes_total","passes_key","passes_accuracy","tackles_total","tackles_blocks","tackles_interceptions","duels_total","duels_won","dribbles_attempts","dribbles_success","dribbles_past","fouls_drawn","fouls_committed","cards_yellow","cards_red","penalty_won","penalty_commited","penalty_success","penalty_missed","penalty_saved"
327992,1597032064,9336,"Wilson",147,"Coritiba",84,"G","7.2",90,"False","False",NA,0,0,0,1,0,3,7,0,63,0,0,0,0,0,0,0,0,0,0,0,0,0,0,0,0,0
327992,1597032064,41203,"Patrick",147,"Coritiba",91,"D","6.9",90,"False","False",NA,0,0,0,0,0,0,18,0,90,1,0,2,5,2,0,0,1,1,0,0,0,0,0,0,0,0
327992,1597032064,9414,"Rodolfo",147,"Coritiba",3,"D","7.0",90,"False","False",NA,0,0,0,0,0,0,12,0,70,2,2,2,9,4,0,0,0,0,1,1,0,0,0,0,0,0
327992,1597032064,9340,"Sabino",147,"Coritiba",35,"D","6.9",90,"False","False",NA,0,0,0,0,0,0,11,0,78,1,0,1,5,4,0,0,0,1,0,0,0,0,0,0,0,0
327992,1597032064,9342,"William Matheus",147,"Coritiba",6,"D","6.3",90,"True","False",NA,0,0,0,0,0,0,17,0,68,0,0,0,5,2,1,1,2,0,0,0,0,0,0,0,0,0
327992,1597032064,9697,"Nathan Silva",147,"Coritiba",5,"M","6.6",90,"False","False",NA,0,0,0,0,0,0,15,0,71,1,0,2,8,5,0,0,1,0,2,0,0,0,0,0,0,0
327992,1597032064,10394,"Matheus Galdezani",147,"Coritiba",20,"M","6.9",80,"False","False",NA,1,0,0,0,0,0,14,0,73,2,0,3,8,4,0,0,2,1,0,0,0,0,0,0,0,0
327992,1597032064,33617,"Gabriel",147,"Coritiba",21,"M","6.5",73,"False","False",NA,0,0,0,0,0,0,14,0,93,0,0,1,8,3,0,0,2,2,0,0,0,0,0,0,0,0
327992,1597032064,9536,"Ruy",147,"Coritiba",89,"M","6.2",59,"False","False",NA,0,0,0,0,0,0,14,0,60,0,0,0,4,1,1,0,0,1,1,0,0,0,0,0,0,0
327992,1597032064,77821,"Robson",147,"Coritiba",30,"M","6.7",59,"False","False",2,0,0,0,0,0,0,8,1,57,0,0,1,10,6,3,1,0,5,0,0,0,0,0,0,0,0
327992,1597032064,9366,"Igor Jesus",147,"Coritiba",19,"F","6.5",73,"False","False",1,0,0,0,0,0,0,7,0,70,0,0,0,6,2,2,1,0,0,1,0,0,0,0,0,0,0
327992,1597032064,10245,"Renê Júnior",147,"Coritiba",8,"M","6.2",31,"False","True",NA,0,0,0,0,0,0,0,0,0,0,0,0,1,0,0,0,1,0,0,0,0,0,0,0,0,0
327992,1597032064,9354,"Matheus Bueno",147,"Coritiba",57,"M","6.3",9,"False","True",NA,0,0,0,0,0,0,0,0,0,0,0,0,0,0,0,0,0,0,0,0,0,0,0,0,0,0
327992,1597032064,10103,"Sassá",147,"Coritiba",99,"F","6.3",17,"False","True",NA,0,0,0,0,0,0,0,0,0,0,0,0,0,0,0,0,0,0,0,1,0,0,0,0,0,0
327992,1597032064,9368,"Wanderley",147,"Coritiba",13,"F","6.3",17,"False","True",NA,0,0,0,0,0,0,0,0,0,0,0,0,0,0,0,0,0,0,0,0,0,0,0,0,0,0
327992,1597032064,70311,"Wellissol",147,"Coritiba",29,"F","6.5",31,"False","True",NA,0,0,0,0,0,0,0,0,0,0,0,0,0,0,0,0,0,0,0,1,0,0,0,0,0,0
327992,1597032064,10372,"Marcelo Lomba",119,"Internacional",12,"G","6.9",90,"False","False",NA,0,0,0,0,0,0,18,0,81,0,0,0,0,0,0,0,0,0,0,0,0,0,0,0,0,0
327992,1597032064,2470,"Renzo Saravia",119,"Internacional",26,"D","7.0",90,"False","False",NA,1,1,0,0,0,0,27,0,81,2,0,0,9,5,1,1,0,1,3,1,0,0,0,0,0,0
327992,1597032064,10379,"Bruno Fuchs",119,"Internacional",3,"D","6.7",90,"False","False",NA,0,0,0,0,0,0,38,0,82,0,0,3,6,2,0,0,1,0,2,1,0,0,0,0,0,0
327992,1597032064,10377,"Víctor Cuesta",119,"Internacional",15,"D","7.0",90,"True","False",NA,0,0,0,0,0,0,31,0,83,2,0,0,7,4,0,0,0,1,3,1,0,0,0,0,0,0
327992,1597032064,10013,"Moisés",119,"Internacional",16,"D","7.2",90,"False","False",1,2,1,0,0,0,0,31,0,91,1,0,1,3,3,0,0,0,0,0,0,0,0,0,0,0,0
327992,1597032064,10395,"Rodrigo Lindoso",119,"Internacional",19,"M","6.6",90,"False","False",NA,0,0,0,0,0,0,35,1,87,0,0,0,2,0,0,0,1,0,0,0,0,0,0,0,0,0
327992,1597032064,197533,"Bruno Praxedes",119,"Internacional",45,"M","7.2",68,"False","False",NA,1,0,0,0,0,0,35,1,83,1,0,1,1,1,0,0,0,0,0,1,0,0,0,0,0,0
327992,1597032064,44492,"Marcos Guilherme",119,"Internacional",23,"M","7.3",68,"False","False",NA,1,0,0,0,0,0,13,0,72,2,0,1,6,4,2,2,1,0,1,0,0,0,0,0,0,0
327992,1597032064,10400,"William Pottker",119,"Internacional",7,"M","6.5",90,"False","False",NA,2,1,0,0,0,0,10,0,66,0,0,0,8,3,2,2,0,0,2,0,0,0,0,0,0,0
327992,1597032064,10388,"Patrick",119,"Internacional",88,"M","7.3",78,"False","False",1,0,0,0,0,0,0,19,2,82,1,0,0,12,8,5,4,0,3,1,0,0,0,0,0,0,0
327992,1597032064,10401,"Paolo Guerrero",119,"Internacional",9,"F","7.3",77,"False","False",NA,1,1,1,0,0,0,12,1,66,0,0,0,15,6,0,0,0,0,1,0,0,0,0,0,0,0
327992,1597032064,21093,"Gabriel Boschilia",119,"Internacional",21,"M","6.3",22,"False","True",NA,0,0,0,0,0,0,0,0,0,0,0,0,0,0,0,0,0,0,0,0,0,0,0,0,0,0
327992,1597032064,NA,"Zé Gabriel",119,"Internacional",35,"M","6.3",13,"False","True",NA,0,0,0,0,0,0,0,0,0,0,0,0,0,0,0,0,0,0,0,0,0,0,0,0,0,0
327992,1597032064,80166,"Thiago Galhardo",119,"Internacional",17,"M","6.9",22,"False","True",NA,0,0,0,0,1,0,1,1,100,0,0,0,0,0,0,0,0,0,0,0,0,0,0,0,0,0
327992,1597032064,10391,"Andres D'Alessandro",119,"Internacional",10,"M","6.3",12,"False","True",NA,0,0,0,0,0,0,0,0,0,0,0,0,0,0,0,0,0,0,0,0,0,0,0,0,0,0
327991,1596973803,9557,"Mailson",123,"Sport Recife",1,"G","5.9",95,"False","False",NA,0,0,0,2,0,0,0,0,0,0,0,0,0,0,0,0,0,0,0,0,0,0,0,0,0,0
327991,1596973803,9865,"Patric",123,"Sport Recife",2,"D","6.7",95,"False","False",NA,0,0,0,0,1,0,3,1,75,0,0,0,0,0,0,0,0,0,0,0,0,0,0,0,0,0
327991,1596973803,9868,"Iago Maidana",123,"Sport Recife",6,"D","6.2",95,"False","False",NA,0,0,0,0,0,0,2,0,50,0,0,0,0,0,0,0,0,0,0,0,0,0,0,0,0,0
327991,1596973803,9566,"Adryelson",123,"Sport Recife",34,"D","6.0",95,"False","False",NA,1,0,0,0,0,0,2,0,66,0,0,0,2,1,1,0,0,0,0,1,0,0,0,0,0,0
327991,1596973803,9559,"Sander",123,"Sport Recife",12,"D","6.3",95,"False","False",NA,0,0,0,0,0,0,1,0,50,1,0,0,1,1,0,0,0,0,0,0,0,0,0,0,0,0
327991,1596973803,9960,"Willian Farias",123,"Sport Recife",8,"M","5.9",95,"True","False",NA,0,0,0,0,0,0,4,0,66,0,0,1,1,1,1,1,0,0,0,0,0,0,0,0,0,0
327991,1596973803,80153,"Betinho",123,"Sport Recife",18,"M","6.2",95,"False","False",NA,0,0,0,0,0,0,3,0,100,0,0,0,1,0,0,0,0,0,0,0,0,0,0,0,0,0
327991,1596973803,NA,"Rafael",123,"Sport Recife",41,"M","6.2",71,"False","False",NA,0,0,0,0,0,0,0,0,0,0,0,0,1,1,0,0,0,1,0,1,0,0,0,0,0,0
327991,1596973803,9963,"Jonatan Gomez",123,"Sport Recife",16,"M","7.0",76,"False","False",NA,1,1,1,0,0,0,4,0,100,0,0,0,2,1,0,0,0,1,1,0,0,0,0,0,0,0
327991,1596973803,10253,"Marquinhos",123,"Sport Recife",33,"M","6.5",72,"False","False",NA,0,0,0,0,0,0,2,0,100,1,0,0,1,1,0,0,0,0,0,0,0,0,0,0,0,0
327991,1596973803,9585,"Élton",123,"Sport Recife",19,"F","7.9",85,"False","False",1,2,2,2,0,0,0,2,0,66,0,0,0,2,1,0,0,1,0,0,1,0,0,0,1,0,0
327991,1596973803,9575,"João Igor",123,"Sport Recife",28,"M","6.3",19,"False","True",NA,0,0,0,0,0,0,0,0,0,0,0,0,0,0,0,0,0,0,0,0,0,0,0,0,0,0
327991,1596973803,65837,"Lucas Mugni",123,"Sport Recife",10,"M","6.3",23,"False","True",NA,0,0,0,0,0,0,0,0,0,0,0,0,0,0,0,0,0,0,0,0,0,0,0,0,0,0
327991,1596973803,9587,"Hernane",123,"Sport Recife",9,"F","6.3",10,"False","True",NA,0,0,0,0,0,0,0,0,0,0,0,0,0,0,0,0,0,0,0,0,0,0,0,0,0,0
327991,1596973803,NA,"Maxwell",123,"Sport Recife",40,"F","6.3",24,"False","True",NA,0,0,0,0,0,0,0,0,0,0,0,0,0,0,0,0,0,0,0,0,0,0,0,0,0,0
327991,1596973803,9903,"Fernando Prass",129,"Ceara",1,"G","5.7",95,"False","False",NA,0,0,0,3,0,0,1,0,50,0,0,0,0,0,0,0,0,0,0,0,0,0,0,0,0,0
327991,1596973803,10267,"Samuel Xavier",129,"Ceara",22,"D","5.9",95,"False","False",NA,0,0,0,0,0,0,9,0,90,0,0,0,2,1,1,1,0,0,0,1,0,0,0,0,0,0
327991,1596973803,10380,"Klaus",129,"Ceara",44,"D","6.0",95,"False","False",NA,0,0,0,0,0,0,9,0,100,0,0,0,1,0,0,0,0,0,0,0,0,0,0,0,0,0
327991,1596973803,10265,"Luiz Otávio",129,"Ceara",13,"D","6.0",95,"True","False",NA,0,0,0,0,0,0,7,0,77,0,0,0,1,1,0,0,0,1,0,0,0,0,0,0,0,0
327991,1596973803,10192,"Bruno Pacheco",129,"Ceara",6,"D","6.0",95,"False","False",NA,0,0,0,0,0,0,5,0,71,0,0,0,0,0,0,0,0,0,0,0,0,0,0,0,0,0
327991,1596973803,10279,"Fabinho",129,"Ceara",19,"M","5.9",45,"False","False",NA,0,0,0,0,0,0,8,0,100,0,0,1,0,0,0,0,0,0,1,1,0,0,1,0,0,0
327991,1596973803,65647,"Charles",129,"Ceara",35,"M","6.2",81,"False","False",NA,0,0,0,0,0,0,8,0,88,0,0,0,0,0,0,0,0,0,0,0,0,0,0,0,0,0
327991,1596973803,80187,"Fernando Sobral",129,"Ceara",88,"M","6.5",95,"False","False",NA,0,0,0,0,1,0,5,1,83,0,0,0,3,1,0,0,0,0,1,1,0,0,0,0,0,0
327991,1596973803,10406,"Rafael Sóbis",129,"Ceara",11,"M","6.2",45,"False","False",NA,0,0,0,0,0,0,4,0,100,0,0,0,2,0,0,0,1,0,1,0,0,0,0,0,0,0
327991,1596973803,80171,"Mateus Gonçalves",129,"Ceara",7,"M","6.3",76,"False","False",NA,0,0,0,0,0,0,1,0,50,0,0,0,0,0,0,0,0,0,0,0,0,0,0,0,0,0
327991,1596973803,NA,"Cléber",129,"Ceara",89,"F","7.2",71,"False","False",NA,1,1,1,0,0,0,3,0,100,1,0,0,2,1,0,0,0,0,0,0,0,0,0,0,0,0
327991,1596973803,119666,"Rick",129,"Ceara",37,"M","6.3",19,"False","True",NA,0,0,0,0,0,0,0,0,0,0,0,0,0,0,0,0,0,0,0,0,0,0,0,0,0,0
327991,1596973803,50532,"Vinicius Lima",129,"Ceara",45,"M","6.3",50,"False","True",NA,0,0,0,0,0,0,0,0,0,0,0,0,0,0,0,0,0,0,0,0,0,0,0,0,0,0
327991,1596973803,10275,"Ricardinho",129,"Ceara",8,"M","6.3",14,"False","True",NA,0,0,0,0,0,0,0,0,0,0,0,0,0,0,0,0,0,0,0,0,0,0,0,0,0,0
327991,1596973803,NA,"Vítor Jacaré",129,"Ceara",40,"F","7.2",50,"False","True",NA,1,1,1,0,0,0,0,0,0,0,0,0,0,0,0,0,0,0,0,0,0,0,0,0,0,0
327991,1596973803,77665,"Bergson",129,"Ceara",30,"F","6.3",24,"False","True",NA,0,0,0,0,0,0,0,0,0,0,0,0,0,0,0,0,0,0,0,0,0,0,0,0,0,0
327993,1597032071,10408,"Felipe Alves",154,"Fortaleza EC",12,"G","6.5",90,"False","False",NA,0,0,0,2,0,3,36,0,76,0,0,0,1,1,1,1,0,0,0,0,0,0,0,0,0,0
327993,1597032071,10413,"Tinga",154,"Fortaleza EC",2,"D","6.9",90,"False","False",NA,0,0,0,0,0,0,27,0,81,2,1,1,6,4,1,0,0,1,0,0,0,0,0,0,0,0
327993,1597032071,10420,"Juan Quintero",154,"Fortaleza EC",3,"D","5.9",68,"False","False",NA,0,0,0,0,0,0,30,0,90,1,0,0,2,1,0,0,0,0,1,0,1,0,0,0,0,0
327993,1597032071,9832,"Paulão",154,"Fortaleza EC",25,"D","6.3",90,"False","False",NA,0,0,0,0,0,0,46,1,93,0,1,0,2,0,0,0,0,0,2,1,0,0,0,0,0,0
327993,1597032071,10416,"Bruno Melo",154,"Fortaleza EC",30,"D","6.7",90,"False","False",NA,0,0,0,0,0,0,11,0,68,0,1,2,4,1,1,1,0,0,2,0,0,0,0,0,0,0
327993,1597032071,10417,"Felipe",154,"Fortaleza EC",15,"M","6.6",90,"False","False",NA,0,0,0,0,0,0,40,1,97,0,0,1,7,4,3,2,0,2,2,1,0,0,0,0,0,0
327993,1597032071,10287,"Juninho",154,"Fortaleza EC",5,"M","6.2",78,"False","False",NA,1,1,0,0,0,0,25,1,75,0,0,4,4,0,1,0,1,0,1,1,0,0,0,0,0,0
327993,1597032071,10105,"David da Fonseca",154,"Fortaleza EC",17,"M","6.3",71,"False","False",1,4,0,0,0,0,0,13,0,92,2,0,0,7,2,0,0,0,0,1,0,0,0,0,0,0,0
327993,1597032071,10438,"Romarinho",154,"Fortaleza EC",20,"M","6.9",77,"False","False",NA,2,1,0,0,0,0,20,3,87,0,0,1,7,3,3,2,0,1,0,0,0,0,0,0,0,0
327993,1597032071,10434,"Osvaldo",154,"Fortaleza EC",11,"M","6.3",71,"False","False",NA,0,0,0,0,0,0,9,0,69,0,0,0,5,3,0,0,1,1,0,0,0,0,0,0,0,0
327993,1597032071,10437,"Wellington Paulista",154,"Fortaleza EC",9,"F","6.7",58,"True","False",NA,1,1,0,0,0,0,6,0,75,0,0,0,0,0,0,0,0,0,1,0,0,0,0,0,0,0
327993,1597032071,10020,"Jackson",154,"Fortaleza EC",26,"D","6.3",19,"False","True",NA,0,0,0,0,0,0,7,0,87,0,0,0,1,1,0,0,0,1,0,0,0,0,0,0,0,0
327993,1597032071,10426,"Derley",154,"Fortaleza EC",8,"M","6.2",13,"False","True",NA,1,0,0,0,0,0,4,0,100,0,0,0,2,0,0,0,2,0,0,0,0,0,0,0,0,0
327993,1597032071,197251,"Tiago Orobó",154,"Fortaleza EC",29,"M","6.3",12,"False","True",NA,0,0,0,0,0,0,4,0,80,0,0,0,3,1,0,0,0,0,1,0,0,0,0,0,0,0
327993,1597032071,10429,"Marlon",154,"Fortaleza EC",28,"M","6.9",19,"False","True",NA,0,0,0,0,0,0,8,1,88,2,0,0,2,2,0,0,0,0,0,0,0,0,0,0,0,0
327993,1597032071,10172,"Yuri César",154,"Fortaleza EC",57,"F","6.9",32,"False","True",NA,1,0,0,0,0,0,5,0,71,0,0,0,5,4,1,1,0,1,1,0,0,0,0,0,0,0
327993,1597032071,30763,"Jandrei",134,"Atletico Paranaense",93,"G","7.5",90,"False","False",NA,0,0,0,0,0,3,23,0,74,0,0,0,0,0,0,0,0,0,0,0,0,0,0,0,0,0
327993,1597032071,10123,"Jonathan",134,"Atletico Paranaense",2,"D","7.3",63,"False","False",NA,0,0,0,0,0,0,46,0,92,0,0,0,3,3,1,1,0,0,0,0,0,0,0,0,0,0
327993,1597032071,9980,"Felipe Aguilar",134,"Atletico Paranaense",23,"D","7.5",90,"False","False",NA,0,0,0,0,0,0,83,0,97,1,0,0,3,3,0,0,0,1,0,0,0,0,0,0,0,0
327993,1597032071,10114,"Zé Ivaldo",134,"Atletico Paranaense",27,"D","7.5",90,"False","False",NA,0,0,0,0,0,0,71,1,93,1,1,1,2,1,0,0,0,0,0,0,0,0,0,0,0,0
327993,1597032071,9700,"Abner",134,"Atletico Paranaense",16,"D","7.3",90,"False","False",NA,0,0,0,0,0,0,28,1,87,2,0,1,6,4,0,0,1,0,0,0,0,0,0,0,0,0
327993,1597032071,8703,"Fernando Canesin",134,"Atletico Paranaense",55,"M","6.5",63,"False","False",NA,1,0,0,0,0,0,9,0,56,0,0,1,3,0,0,0,0,0,2,0,0,0,0,0,0,0
327993,1597032071,10240,"Richard",134,"Atletico Paranaense",25,"M","6.6",57,"False","False",NA,1,0,0,0,0,0,20,0,90,0,1,0,1,1,0,0,0,0,0,0,0,0,0,0,0,0
327993,1597032071,10129,"Leo Cittadini",134,"Atletico Paranaense",18,"M","7.6",79,"False","False",NA,2,1,1,0,0,0,35,3,100,0,1,0,5,2,0,0,1,2,0,0,0,0,0,0,0,0
327993,1597032071,10133,"Nikão",134,"Atletico Paranaense",11,"F","7.5",90,"True","False",1,3,1,0,0,0,0,31,3,93,0,0,1,3,3,0,0,0,3,0,0,0,0,0,0,0,0
327993,1597032071,133186,"Vinicius Alessandro Mingotti",134,"Atletico Paranaense",38,"F","7.0",79,"False","False",NA,3,1,0,0,0,0,8,0,57,3,0,0,7,6,0,0,1,2,0,0,0,0,0,0,0,0
327993,1597032071,10147,"Vitinho",134,"Atletico Paranaense",28,"F","7.2",90,"False","False",NA,2,2,1,0,0,0,21,1,95,1,0,0,11,4,4,2,1,0,0,0,0,0,0,0,0,0
327993,1597032071,10125,"Khellven",134,"Atletico Paranaense",13,"D","6.7",27,"False","True",NA,0,0,0,0,0,0,22,0,88,0,0,0,1,0,0,0,0,0,0,0,0,0,0,0,0,0
327993,1597032071,67204,"Christian",134,"Atletico Paranaense",88,"M","6.2",27,"False","True",NA,0,0,0,0,0,0,8,0,80,0,0,0,5,1,0,0,0,1,4,1,0,0,0,0,0,0
327993,1597032071,143640,"Kawan",134,"Atletico Paranaense",77,"M","6.5",33,"False","True",NA,0,0,0,0,0,0,12,0,92,0,0,1,6,2,1,1,2,1,1,1,0,0,0,0,0,0
327993,1597032071,10134,"Lucho González",134,"Atletico Paranaense",3,"M","6.0",11,"False","True",NA,1,0,0,0,0,0,3,0,60,0,0,0,1,0,0,0,1,0,0,0,0,0,0,0,0,0
327993,1597032071,9935,"Carlos Eduardo",134,"Atletico Paranaense",96,"M","6.7",11,"False","True",NA,0,0,0,0,0,0,2,0,100,0,0,0,1,1,0,0,0,1,0,0,0,0,0,0,0,0
327985,1597118490,10151,"Diego Alves",127,"Flamengo",1,"G","7.3",90,"False","False",NA,0,0,0,1,0,4,34,0,81,0,0,0,1,1,0,0,0,1,0,0,0,0,0,0,0,0
327985,1597118490,500,"Rafinha",127,"Flamengo",13,"D","6.9",90,"False","False",NA,0,0,0,0,0,0,41,0,77,1,0,0,11,10,1,1,0,5,0,1,0,0,0,0,0,0
327985,1597118490,10156,"Rodrigo Caio",127,"Flamengo",3,"D","7.9",90,"False","False",NA,0,0,0,0,0,0,68,1,88,3,3,0,10,9,2,1,0,0,0,0,0,0,0,0,0,0
327985,1597118490,10124,"Leo Pereira",127,"Flamengo",4,"D","6.3",90,"False","False",NA,0,0,0,0,0,0,60,1,81,0,1,1,7,4,0,0,2,0,0,0,0,0,0,0,0,0
327985,1597118490,34,"Filipe Luis",127,"Flamengo",16,"D","7.0",90,"False","False",NA,0,0,0,0,0,0,49,1,83,2,0,0,12,8,4,4,0,1,2,0,0,0,0,0,0,0
327985,1597118490,30408,"Gerson",127,"Flamengo",8,"M","7.2",80,"False","False",NA,2,0,0,0,0,0,36,1,87,1,0,1,8,5,1,1,0,3,1,0,0,0,0,0,0,0
327985,1597118490,10173,"Willian Arão",127,"Flamengo",5,"M","7.2",90,"False","False",NA,0,0,0,0,0,0,38,0,82,5,0,0,13,9,0,0,1,3,2,0,0,0,0,0,0,0
327985,1597118490,10168,"Everton Ribeiro",127,"Flamengo",7,"M","7.2",73,"True","False",NA,1,1,0,0,0,0,26,2,78,2,0,1,6,5,1,1,0,2,1,0,0,0,0,0,0,0
327985,1597118490,2612,"Giorgian De Arrascaeta",127,"Flamengo",14,"M","6.2",60,"False","False",NA,3,1,0,0,0,0,22,2,66,0,0,0,5,2,1,0,1,1,0,0,0,0,0,0,0,0
327985,1597118490,10180,"Bruno Henrique",127,"Flamengo",27,"M","6.6",90,"False","False",2,2,0,0,0,0,0,24,2,82,2,0,0,15,9,5,3,0,2,3,1,0,0,0,0,0,0
327985,1597118490,10174,"Gabriel Barbosa",127,"Flamengo",9,"F","7.2",90,"False","False",1,4,0,0,0,0,0,9,2,64,0,0,0,6,3,4,2,0,1,0,0,0,0,0,0,0,0
327985,1597118490,10177,"Vitinho",127,"Flamengo",11,"M","6.9",10,"False","True",NA,2,0,0,0,0,0,6,0,66,0,0,0,3,3,0,0,0,2,0,0,0,0,0,0,0,0
327985,1597118490,10364,"Michael",127,"Flamengo",19,"M","6.5",17,"False","True",NA,2,0,0,0,0,0,7,0,77,0,0,0,5,2,1,1,1,0,1,0,0,0,0,0,0,0
327985,1597118490,10321,"Pedro",127,"Flamengo",21,"F","6.3",30,"False","True",NA,0,0,0,0,0,0,4,0,57,0,0,0,5,1,0,0,0,0,2,1,0,0,0,0,0,0
327985,1597118490,10081,"Rafael",1062,"Atletico-MG",32,"G","7.2",90,"False","False",NA,0,0,0,0,0,2,22,0,53,0,0,0,1,0,0,0,1,0,0,0,0,0,0,0,0,0
327985,1597118490,9872,"Igor Rabello",1062,"Atletico-MG",16,"D","7.5",90,"True","False",NA,0,0,0,0,0,0,27,0,84,2,0,3,7,6,0,0,1,2,0,0,0,0,0,0,0,0
327985,1597118490,10051,"Gabriel",1062,"Atletico-MG",30,"D","6.5",44,"False","False",NA,0,0,0,0,0,0,17,0,70,0,0,0,2,0,0,0,0,0,1,1,0,0,0,0,0,0
327985,1597118490,2499,"Junior Alonso",1062,"Atletico-MG",3,"D","7.3",90,"False","False",NA,0,0,0,0,0,0,23,0,79,1,4,0,6,2,0,0,1,0,2,0,0,0,0,0,0,0
327985,1597118490,9874,"Guga",1062,"Atletico-MG",2,"M","6.9",90,"False","False",NA,0,0,0,0,0,0,20,0,62,3,0,1,11,6,1,1,1,1,0,0,0,0,0,0,0,0
327985,1597118490,16360,"Alan Franco",1062,"Atletico-MG",21,"M","6.6",69,"False","False",NA,0,0,0,0,0,0,10,1,66,2,0,0,9,4,2,1,0,0,3,0,0,0,0,0,0,0
327985,1597118490,9883,"Nathan",1062,"Atletico-MG",23,"M","7.2",79,"False","False",2,1,0,0,0,0,0,8,3,80,2,0,1,6,3,2,1,1,0,2,0,0,0,0,0,0,0
327985,1597118490,10319,"Allan",1062,"Atletico-MG",29,"M","7.0",90,"False","False",NA,2,0,0,0,0,0,26,1,83,0,1,3,6,1,0,0,2,1,3,1,0,0,0,0,0,0
327985,1597118490,2038,"Guilherme Arana",1062,"Atletico-MG",13,"M","6.9",90,"False","False",NA,2,1,0,0,0,0,16,0,57,2,0,2,6,2,1,0,1,0,2,0,0,0,0,0,0,0
327985,1597118490,9881,"Marquinhos",1062,"Atletico-MG",50,"F","6.6",68,"False","False",1,3,1,0,0,0,0,14,1,87,1,0,1,9,1,1,0,2,0,3,0,0,0,0,0,0,0
327985,1597118490,51214,"Jefferson Savarino",1062,"Atletico-MG",70,"F","6.3",67,"False","False",NA,1,1,0,0,0,0,10,0,76,0,0,0,8,0,1,0,0,0,0,0,0,0,0,0,0,0
327985,1597118490,33063,"Bueno",1062,"Atletico-MG",40,"D","6.6",23,"False","True",NA,0,0,0,0,0,0,5,0,83,0,0,3,3,1,0,0,0,1,1,0,0,0,0,0,0,0
327985,1597118490,9890,"Jair",1062,"Atletico-MG",8,"M","6.6",46,"False","True",NA,0,0,0,0,0,0,19,1,82,1,0,0,5,2,0,0,1,1,2,0,0,0,0,0,0,0
327985,1597118490,16847,"Keno",1062,"Atletico-MG",11,"M","6.7",11,"False","True",NA,0,0,0,0,0,0,4,0,66,1,0,0,7,3,3,2,0,0,2,0,0,0,0,0,0,0
327985,1597118490,9923,"Hyoran",1062,"Atletico-MG",20,"M","6.5",21,"False","True",NA,0,0,0,0,0,0,4,0,57,1,0,1,12,5,0,0,2,4,2,0,0,0,0,0,0,0
327985,1597118490,10574,"Marrony",1062,"Atletico-MG",38,"F","6.3",22,"False","True",NA,1,1,0,0,0,0,1,0,50,0,0,0,9,0,2,0,1,0,1,0,0,0,0,0,0,0
327988,1597118491,10508,"Vladimir",128,"Santos",1,"G","7.3",97,"False","False",NA,0,0,0,1,0,5,24,0,77,0,0,0,0,0,0,0,0,0,0,0,0,0,0,0,0,0
327988,1597118491,10162,"Pará",128,"Santos",4,"D","7.3",97,"False","False",NA,2,1,0,0,0,0,41,0,80,3,1,2,6,5,0,0,0,0,0,0,0,0,0,0,0,0
327988,1597118491,9991,"Lucas Veríssimo",128,"Santos",28,"D","7.0",97,"False","False",NA,0,0,0,0,0,0,49,0,84,1,0,4,6,4,1,1,0,0,0,0,0,0,0,0,0,0
327988,1597118491,71,"Luan Peres",128,"Santos",14,"D","6.9",97,"False","False",NA,0,0,0,0,0,0,36,0,83,1,1,1,7,4,1,1,0,1,0,0,0,0,0,0,0,0
327988,1597118491,9989,"Felipe Jonatan",128,"Santos",3,"D","6.6",97,"False","False",NA,0,0,0,0,0,0,38,0,77,3,0,1,13,8,3,1,1,4,1,0,0,0,0,0,0,0
327988,1597118491,9987,"Diego Pituca",128,"Santos",21,"M","6.6",97,"False","False",NA,0,0,0,0,0,0,46,0,88,3,1,2,13,5,0,0,4,1,1,0,0,0,0,0,0,0
327988,1597118491,9995,"Alison",128,"Santos",5,"M","7.3",97,"True","False",NA,0,0,0,0,1,0,41,2,85,3,1,1,9,6,0,0,2,3,0,0,0,0,0,0,0,0
327988,1597118491,10000,"Carlos Sánchez",128,"Santos",7,"M","6.7",97,"False","False",1,1,0,0,0,0,0,24,2,63,4,0,1,11,6,1,0,1,1,2,0,0,0,0,0,1,0
327988,1597118491,10506,"Marinho",128,"Santos",11,"F","7.7",80,"False","False",NA,2,2,1,0,0,0,19,1,82,0,0,1,12,6,1,0,1,6,2,0,0,0,0,0,0,0
327988,1597118491,10008,"Kaio Jorge",128,"Santos",19,"F","7.2",66,"False","False",1,2,0,0,0,0,0,10,0,90,0,0,0,7,4,1,1,0,1,3,0,0,1,0,0,0,0
327988,1597118491,2454,"Yeferson Soteldo",128,"Santos",10,"F","6.5",97,"False","False",NA,1,0,0,0,0,0,22,2,81,0,0,0,18,5,10,4,3,1,0,0,0,0,0,0,0,0
327988,1597118491,9997,"Jean Mota",128,"Santos",41,"M","6.7",17,"False","True",NA,1,0,0,0,0,0,4,1,100,0,0,1,1,0,0,0,1,0,0,0,0,0,0,0,0,0
327988,1597118491,10182,"Fernando Uribe",128,"Santos",20,"F","6.7",31,"False","True",2,1,1,0,0,0,0,4,0,80,0,0,0,6,2,0,0,1,1,0,0,0,0,0,0,0,0
327988,1597118491,9862,"Cleiton",794,"Bragantino",40,"G","6.3",97,"False","False",NA,0,0,0,1,0,3,16,0,59,0,0,1,0,0,0,0,0,0,0,0,0,0,0,0,0,0
327988,1597118491,80276,"Aderlan Silva",794,"Bragantino",13,"D","7.7",97,"False","False",NA,0,0,0,0,0,0,33,2,80,6,0,5,17,11,3,3,3,0,2,0,0,0,0,0,0,0
327988,1597118491,9458,"Léo Ortiz",794,"Bragantino",3,"D","7.2",97,"False","False",NA,0,0,0,0,0,0,32,0,88,2,1,0,7,5,1,1,0,1,1,0,0,0,0,0,0,0
327988,1597118491,10089,"Fabrício Bruno",794,"Bragantino",14,"D","6.2",97,"False","False",NA,0,0,0,0,0,0,31,0,86,0,0,1,3,1,0,0,0,0,1,0,0,0,1,0,0,0
327988,1597118491,9452,"Edimar",794,"Bragantino",6,"D","7.2",97,"False","False",NA,1,0,0,0,0,0,33,2,86,1,0,3,8,5,1,0,0,2,1,0,0,0,0,0,0,0
327988,1597118491,9396,"Matheus Jesus",794,"Bragantino",11,"M","6.9",97,"False","False",NA,2,0,0,0,0,0,37,0,97,1,0,1,6,2,2,0,0,0,1,0,0,0,0,0,0,0
327988,1597118491,41106,"Ricardo Ryller",794,"Bragantino",25,"M","6.9",81,"False","False",NA,2,0,0,0,0,0,31,1,77,2,0,2,11,7,0,0,1,2,2,1,0,0,0,0,0,0
327988,1597118491,10040,"Artur",794,"Bragantino",7,"M","7.3",97,"False","False",NA,4,2,0,0,0,0,33,1,84,5,0,1,21,11,6,4,3,2,2,0,0,0,0,0,0,0
327988,1597118491,196101,"Weverson",794,"Bragantino",34,"M","6.3",90,"False","False",NA,2,1,0,0,0,0,15,0,88,0,0,0,9,1,3,1,1,0,3,0,0,0,0,0,0,0
327988,1597118491,9471,"Morato",794,"Bragantino",38,"M","6.5",81,"False","False",NA,2,1,0,0,0,0,17,2,63,0,0,0,14,4,7,3,0,1,3,0,0,0,0,0,0,0
327988,1597118491,9893,"Alerrandro",794,"Bragantino",27,"F","6.3",74,"True","False",2,2,1,0,0,0,0,8,1,80,0,0,0,6,3,0,0,0,1,1,0,0,0,0,0,0,0
327988,1597118491,9475,"Claudinho",794,"Bragantino",10,"M","7.2",16,"False","True",NA,1,1,1,0,0,0,4,1,44,0,0,0,2,1,2,1,0,0,0,0,0,0,0,0,0,0
327988,1597118491,9468,"Bruno Tubarão",794,"Bragantino",20,"M","6.7",16,"False","True",NA,0,0,0,0,0,0,8,0,100,0,0,0,3,1,1,1,0,0,2,0,0,0,0,0,0,0
327988,1597118491,54710,"Robinho",794,"Bragantino",16,"M","–",7,"False","True",NA,0,0,0,0,0,0,0,0,0,0,0,0,0,0,0,0,0,0,0,0,0,0,0,0,0,0
327988,1597118491,9472,"Ytalo",794,"Bragantino",15,"F","6.9",23,"False","True",NA,2,0,0,0,0,0,5,2,62,0,0,0,2,2,0,0,0,0,0,0,0,0,0,0,0,0
327990,1597042233,9977,"Vanderlei",130,"Gremio",27,"G","7.3",96,"False","False",NA,0,0,0,0,0,3,14,0,66,0,0,0,0,0,0,0,0,0,0,0,0,0,0,0,0,0
327990,1597042233,2485,"Luis Orejuela",130,"Gremio",17,"D","7.0",91,"False","False",NA,0,0,0,0,0,0,27,3,69,2,0,0,11,6,0,0,1,2,3,1,0,0,0,0,0,0
327990,1597042233,10485,"Pedro Geromel",130,"Gremio",3,"D","7.2",96,"True","False",NA,1,0,0,0,0,0,34,0,73,2,0,5,11,4,0,0,1,0,4,0,0,0,0,0,0,0
327990,1597042233,2466,"Walter Kannemann",130,"Gremio",4,"D","7.3",96,"False","False",NA,0,0,0,0,0,0,30,0,88,1,2,1,10,6,0,0,0,2,4,0,0,0,0,0,0,0
327990,1597042233,10480,"Bruno Cortêz",130,"Gremio",12,"D","7.2",96,"False","False",NA,0,0,0,0,0,0,38,1,80,1,0,2,8,5,4,3,0,0,1,1,0,0,0,0,0,0
327990,1597042233,10102,"Lucas Silva",130,"Gremio",16,"M","7.0",71,"False","False",NA,1,0,0,0,0,0,41,1,85,2,0,1,10,6,0,0,1,2,2,0,0,0,0,0,0,0
327990,1597042233,10498,"Maicon",130,"Gremio",8,"M","6.6",83,"False","False",NA,0,0,0,0,0,0,75,1,89,0,0,1,7,1,1,1,1,0,4,0,0,0,0,0,0,0
327990,1597042233,80262,"Pepê",130,"Gremio",25,"M","6.9",96,"False","False",NA,3,1,0,0,0,0,25,1,86,0,0,1,12,5,4,2,1,3,0,0,0,0,0,0,0,0
327990,1597042233,80536,"Isaque",130,"Gremio",46,"M","6.6",71,"False","False",NA,2,0,0,0,0,0,17,2,85,2,0,0,15,6,3,2,1,0,1,0,0,0,0,0,0,0
327990,1597042233,10501,"Alisson",130,"Gremio",23,"M","7.3",96,"False","False",2,2,1,0,0,0,0,42,2,80,0,0,0,7,2,2,1,2,1,0,0,0,0,0,0,0,0
327990,1597042233,10072,"Diego Souza",130,"Gremio",29,"F","7.7",83,"False","False",NA,5,2,1,0,0,0,15,1,65,0,0,1,13,8,1,0,0,2,2,0,0,0,0,0,0,0
327990,1597042233,50081,"David Braz",130,"Gremio",14,"D","–",5,"False","True",NA,0,0,0,0,0,0,1,0,50,0,0,0,1,1,0,0,0,0,0,0,0,0,0,0,0,0
327990,1597042233,10098,"Thiago Neves",130,"Gremio",10,"M","6.3",13,"False","True",NA,0,0,0,0,0,0,3,0,100,0,0,0,0,0,0,0,0,0,0,0,0,0,0,0,0,0
327990,1597042233,10492,"Thaciano",130,"Gremio",20,"M","6.6",25,"False","True",NA,1,0,0,0,0,0,10,0,76,1,0,1,6,3,0,0,1,0,1,0,0,0,0,0,0,0
327990,1597042233,10499,"Darlan",130,"Gremio",15,"M","6.9",25,"False","True",NA,0,0,0,0,0,0,18,0,100,1,1,2,5,3,0,0,0,2,1,0,0,0,0,0,0,0
327990,1597042233,10323,"Luciano",130,"Gremio",9,"F","6.9",13,"False","True",NA,0,0,0,0,0,0,6,0,100,2,0,1,7,5,0,0,0,1,1,0,0,0,0,0,0,0
327990,1597042233,41227,"Muriel",124,"Fluminense",27,"G","6.9",96,"False","False",NA,0,0,0,1,0,3,13,0,52,0,0,0,0,0,0,0,0,0,0,0,0,0,0,0,0,0
327990,1597042233,10300,"Igor Julião",124,"Fluminense",21,"D","6.2",96,"False","False",NA,2,0,0,0,0,0,17,0,70,0,0,1,6,2,0,0,1,2,2,1,0,0,0,0,0,0
327990,1597042233,61809,"Lucas Claro",124,"Fluminense",4,"D","7.5",96,"False","False",NA,0,0,0,0,0,0,41,0,83,1,0,7,8,5,0,0,0,1,0,0,0,0,0,0,0,0
327990,1597042233,10306,"Nino",124,"Fluminense",33,"D","7.7",96,"False","False",NA,0,0,0,0,0,0,48,0,94,2,3,3,12,7,0,0,1,3,2,0,0,0,0,0,0,0
327990,1597042233,10084,"Egídio",124,"Fluminense",6,"D","6.9",96,"False","False",NA,0,0,0,0,0,0,46,0,85,2,0,3,8,4,1,1,1,0,1,0,0,0,0,0,0,0
327990,1597042233,10348,"Yago Felipe",124,"Fluminense",20,"M","6.3",78,"False","False",NA,0,0,0,0,0,0,19,0,76,2,0,0,13,7,3,1,0,3,2,0,0,0,0,0,0,0
327990,1597042233,10315,"Yuri",124,"Fluminense",5,"M","6.6",45,"False","False",NA,0,0,0,0,0,0,18,1,85,0,0,3,4,2,0,0,0,0,1,1,0,0,0,0,0,0
327990,1597042233,10314,"Douglas Moreira",124,"Fluminense",22,"M","6.9",96,"False","False",NA,1,0,0,0,0,0,64,0,88,2,0,3,15,8,3,2,3,1,1,0,0,0,0,0,0,0
327990,1597042233,9970,"Nenê",124,"Fluminense",77,"F","7.0",70,"True","False",NA,3,2,0,0,0,0,19,0,61,1,0,0,5,3,0,0,2,2,0,0,0,0,0,0,0,0
327990,1597042233,152856,"Evanilson",124,"Fluminense",99,"F","6.9",78,"False","False",NA,1,1,0,0,0,0,18,0,85,1,0,0,14,8,0,0,0,5,1,0,0,0,0,0,0,0
327990,1597042234,10322,"Marcos Paulo",124,"Fluminense",11,"F","7.0",57,"False","False",NA,0,0,0,0,0,0,18,2,90,0,0,2,7,4,4,3,0,0,0,0,0,0,0,0,0,0
327990,1597042234,64331,"Miguel Silveira",124,"Fluminense",30,"M","6.3",18,"False","True",NA,0,0,0,0,0,0,6,2,100,0,0,0,3,1,1,0,0,1,0,0,0,0,0,0,0,0
327990,1597042234,10398,"Wellington Silva",124,"Fluminense",17,"M","6.6",26,"False","True",NA,0,0,0,0,0,0,8,0,100,1,0,1,4,3,1,1,1,1,0,0,0,0,0,0,0,0
327990,1597042234,39807,"Fernando Pacheco",124,"Fluminense",16,"F","6.3",18,"False","True",1,1,0,0,0,0,0,1,0,100,1,0,0,3,1,1,0,0,0,0,0,0,0,0,0,0,0
327990,1597042234,51701,"Michel Araújo",124,"Fluminense",15,"F","7.0",51,"False","True",NA,2,1,0,0,0,0,23,1,74,1,1,0,14,6,2,1,0,2,4,1,0,0,0,0,0,0
327990,1597042234,10104,"Fred",124,"Fluminense",9,"F","6.7",39,"False","True",NA,0,0,0,0,0,0,5,0,83,1,0,0,9,3,0,0,0,2,2,0,0,0,0,0,0,0
